Module,Original_Score,New_Score,Improvement,Patches_Applied,Status,Timestamp
ExecutionRiskSentinel,52%,100%,+48%,5,SUCCESS,2025-06-18T14:31:47.608340
AdvancedPatternMiner,64%,100%,+36%,5,SUCCESS,2025-06-18T14:31:47.609142
SignalPatternMapper,64%,100%,+36%,5,SUCCESS,2025-06-18T14:31:47.610100
SmartExecutionLiveLoop,62%,100%,+38%,5,SUCCESS,2025-06-18T14:31:47.610856
TestSmartExecutionMonitor,64%,100%,+36%,5,SUCCESS,2025-06-18T14:31:47.611542
MutationSignalAdapter,81%,100%,+19%,5,SUCCESS,2025-06-18T14:31:47.612339
StrategyMutator,66%,100%,+34%,5,SUCCESS,2025-06-18T14:31:47.613079
LiveFeedbackAdapter,66%,100%,+34%,5,SUCCESS,2025-06-18T14:31:47.613810
TestSmartMonitor,62%,100%,+38%,5,SUCCESS,2025-06-18T14:31:47.614586
ExecutionFlowTest,62%,100%,+38%,5,SUCCESS,2025-06-18T14:31:47.615235
SignalLoopReinforcementEngine,74%,100%,+26%,5,SUCCESS,2025-06-18T14:31:47.615846
SignalValidator,62%,100%,+38%,5,SUCCESS,2025-06-18T14:31:47.616511
SmartExecutionMonitor,72%,100%,+28%,5,SUCCESS,2025-06-18T14:31:47.617348
StreamlitFrontend,64%,100%,+36%,5,SUCCESS,2025-06-18T14:31:47.617976
TradeJournalEngine,79%,100%,+21%,5,SUCCESS,2025-06-18T14:31:47.618666
PatternEngine,77%,100%,+23%,5,SUCCESS,2025-06-18T14:31:47.619420
PatternSignalHarmonizer,84%,100%,+16%,5,SUCCESS,2025-06-18T14:31:47.620193
RiskEngine,87%,100%,+13%,5,SUCCESS,2025-06-18T14:31:47.620937
ExecutionEngine,61%,100%,+39%,5,SUCCESS,2025-06-18T14:31:47.621637
ExecutionSelector,87%,100%,+13%,5,SUCCESS,2025-06-18T14:31:47.622502
TelemetryCollector,32%,100%,+68%,5,SUCCESS,2025-06-18T14:31:47.623365
StrategyRecommenderEngine,37%,100%,+63%,5,SUCCESS,2025-06-18T14:31:47.624282
BacktestEngine,71%,100%,+29%,5,SUCCESS,2025-06-18T14:31:47.625328
DashboardEngine,74%,100%,+26%,5,SUCCESS,2025-06-18T14:31:47.626169
TradeAuditor,64%,100%,+36%,5,SUCCESS,2025-06-18T14:31:47.627031
PatternMiner,66%,100%,+34%,5,SUCCESS,2025-06-18T14:31:47.628121
SignalBiasDashboard,62%,100%,+38%,5,SUCCESS,2025-06-18T14:31:47.628965
StrategyFeedbackJournal,62%,100%,+38%,5,SUCCESS,2025-06-18T14:31:47.629784
LiveTradeFeedbackInjector,66%,100%,+34%,5,SUCCESS,2025-06-18T14:31:47.630821
MetaSignalHarmonizer,64%,100%,+36%,5,SUCCESS,2025-06-18T14:31:47.631959
SmartExecutionReactor,79%,100%,+21%,5,SUCCESS,2025-06-18T14:31:47.632750
ExecutionLoopResponder,79%,100%,+21%,5,SUCCESS,2025-06-18T14:31:47.633410
LiveAlertBridge,79%,100%,+21%,5,SUCCESS,2025-06-18T14:31:47.634069
SmartFeedbackSync,64%,100%,+36%,5,SUCCESS,2025-06-18T14:31:47.634975
AdaptiveExecutionResolver,64%,100%,+36%,5,SUCCESS,2025-06-18T14:31:47.635783
Phase20SignalPipelineStressTester,72%,100%,+28%,5,SUCCESS,2025-06-18T14:31:47.636590
AdvancedSignalOptimizationEngine,72%,100%,+28%,5,SUCCESS,2025-06-18T14:31:47.637553
StrategicSignalRefinementEngine,64%,100%,+36%,5,SUCCESS,2025-06-18T14:31:47.638203
DSRStrategyMutator,59%,100%,+41%,5,SUCCESS,2025-06-18T14:31:47.638904
ExecutionEnvelopeEngine,84%,100%,+16%,5,SUCCESS,2025-06-18T14:31:47.639624
SmartSignalExecutionLinker,84%,100%,+16%,5,SUCCESS,2025-06-18T14:31:47.640409
ExecutionPrioritizationEngine,88%,100%,+12%,5,SUCCESS,2025-06-18T14:31:47.641427
TradeMemoryFeedbackEngine,71%,100%,+29%,5,SUCCESS,2025-06-18T14:31:47.642281
MultiAgentCoordinationEngine,69%,100%,+31%,5,SUCCESS,2025-06-18T14:31:47.642948
SignalQualityAmplifier,69%,100%,+31%,5,SUCCESS,2025-06-18T14:31:47.643729
TestSignalQualityAmplifier,57%,100%,+43%,5,SUCCESS,2025-06-18T14:31:47.644794
ExecutionFlowController,54%,100%,+46%,5,SUCCESS,2025-06-18T14:31:47.645689
ExecutionEnvelopeHarmonizer,59%,100%,+41%,5,SUCCESS,2025-06-18T14:31:47.646377
SignalFusionMatrix,69%,100%,+31%,5,SUCCESS,2025-06-18T14:31:47.646949
MultiAccountSplitter,76%,100%,+24%,5,SUCCESS,2025-06-18T14:31:47.647758
BrokerDiscoveryEngine,86%,100%,+14%,5,SUCCESS,2025-06-18T14:31:47.648433
BrokerRuleSyncTelemetryWidget,77%,100%,+23%,5,SUCCESS,2025-06-18T14:31:47.649133
StrategicSignalOrchestrator,74%,100%,+26%,5,SUCCESS,2025-06-18T14:31:47.649808
ReactiveSignalAutopilot,74%,100%,+26%,5,SUCCESS,2025-06-18T14:31:47.651107
TradePriorityResolver,74%,100%,+26%,5,SUCCESS,2025-06-18T14:31:47.651883
ExecutionDispatcher,79%,100%,+21%,5,SUCCESS,2025-06-18T14:31:47.652670
StrategyMutationLogicEngine,68%,100%,+32%,5,SUCCESS,2025-06-18T14:31:47.653505
StrategySentimentFusionEngine,79%,100%,+21%,5,SUCCESS,2025-06-18T14:31:47.654286
Phase47PortfolioOptimizerIntegration,52%,100%,+48%,5,SUCCESS,2025-06-18T14:31:47.655271
